<?xml version="1.0"?>
<!--<!DOCTYPE metadata SYSTEM "http://www.esri.com/metadata/esriprof80.dtd">-->
<metadata xml:lang="en"><Esri><MetaID>{CEFF3929-8133-4BBF-A03E-8EB8824FCB23}</MetaID><CreaDate>20120427</CreaDate><CreaTime>18410600</CreaTime><SyncOnce>TRUE</SyncOnce><DataProperties><lineage><Process ToolSource="C:\Program Files (x86)\ArcGIS\ArcToolbox\Toolboxes\Spatial Analyst Tools.tbx\ExtractValuesToPoints" Date="20120427" Time="184106">ExtractValuesToPoints EstPoint 95883028-8486.asc C:\Users\obenour\DeadZone\GIS\EstPoints\Wint12estPoints\EstPointDepth2.shp NONE VALUE_ONLY</Process><Process ToolSource="C:\Program Files (x86)\ArcGIS\Desktop10.0\ArcToolbox\Toolboxes\Data Management Tools.tbx\CalculateField" Date="20130320" Time="114102">CalculateField EstPointDepth2 ShelfSect 2 VB #</Process><Process ToolSource="C:\Program Files (x86)\ArcGIS\Desktop10.0\ArcToolbox\Toolboxes\Data Management Tools.tbx\CalculateField" Date="20130320" Time="114129">CalculateField EstPointDepth2 ShelfSect 1 VB #</Process><Process ToolSource="C:\Program Files (x86)\ArcGIS\Desktop10.0\ArcToolbox\Toolboxes\Data Management Tools.tbx\CalculateField" Date="20130704" Time="142709">CalculateField EstPointDepth2 BWHFtrend ".206+( [X]/1000-21.267)*.01819/123.46+(( [X]/1000)^2-15679)*-0.020214/13914+ ([Trend]-.80232)*-.06505/.60553" VB #</Process></lineage></DataProperties></Esri></metadata>
